{"cameraMode":{"drawMode":0,"name":"Shaded","section":"Shading Mode"},"sceneLighting":true,"audioPlay":false,"sceneViewState":{"showFog":true,"showMaterialUpdate":false,"showSkybox":true,"showFlares":true,"showImageEffects":true,"showParticleSystems":true},"in2DMode":false,"pivot":{"x":0.0,"y":0.28700000047683718,"z":-0.16499999165534974},"rotation":{"x":-0.09654930979013443,"y":0.8363621830940247,"z":-0.15635228157043458,"w":-0.5164663791656494},"size":3.8573648929595949,"orthographic":false}