{"cameraMode":{"drawMode":0,"name":"Shaded","section":"Shading Mode"},"sceneLighting":true,"audioPlay":false,"sceneViewState":{"showFog":true,"showMaterialUpdate":false,"showSkybox":true,"showFlares":true,"showImageEffects":true,"showParticleSystems":true},"in2DMode":false,"pivot":{"x":1.1920928955078126e-7,"y":-0.04999999701976776,"z":-1.1920928955078126e-7},"rotation":{"x":0.006470334250479937,"y":-0.812202513217926,"z":0.5832918286323547,"w":0.009026989340782166},"size":3.597318410873413,"orthographic":false}