{"cameraMode":{"drawMode":0,"name":"Shaded","section":"Shading Mode"},"sceneLighting":true,"audioPlay":false,"sceneViewState":{"showFog":true,"showMaterialUpdate":false,"showSkybox":true,"showFlares":true,"showImageEffects":true,"showParticleSystems":true},"in2DMode":false,"pivot":{"x":0.1676364541053772,"y":-1.695324182510376,"z":1.7404762506484986},"rotation":{"x":-0.3985881209373474,"y":-0.1483674794435501,"z":0.06550545245409012,"w":-0.9026861786842346},"size":5.350982666015625,"orthographic":false}