{"cameraMode":{"drawMode":0,"name":"Shaded","section":"Shading Mode"},"sceneLighting":true,"audioPlay":false,"sceneViewState":{"showFog":true,"showMaterialUpdate":false,"showSkybox":true,"showFlares":true,"showImageEffects":true,"showParticleSystems":true},"in2DMode":false,"pivot":{"x":0.05419138818979263,"y":-0.18389320373535157,"z":-0.409854918718338},"rotation":{"x":0.006470334250479937,"y":-0.812202513217926,"z":0.5832918286323547,"w":0.009026989340782166},"size":2.897810697555542,"orthographic":false}