{"cameraMode":{"drawMode":0,"name":"Shaded","section":"Shading Mode"},"sceneLighting":true,"audioPlay":false,"sceneViewState":{"showFog":true,"showMaterialUpdate":false,"showSkybox":true,"showFlares":true,"showImageEffects":true,"showParticleSystems":true},"in2DMode":false,"pivot":{"x":-1.6463468074798585,"y":-0.7137753963470459,"z":-1.058648943901062},"rotation":{"x":-0.1224537268280983,"y":0.8280693292617798,"z":-0.19896896183490754,"w":-0.509631335735321},"size":6.264939785003662,"orthographic":false}